candidate_id,candidate_name,gender,age,dob,political_party,election_symbol,is_independent,province_name,district_name,constituency_no,votes_received,vote_share_pct,victory_margin,victory_margin_pct,runner_up_name,runner_up_party,qualification,qualification_normalized,citizenship_district,address,institution
339933,क्षितिज थेबे,पुरुष,38,2044-08-27,नेपाल कम्युनिष्ट पार्टी (एकीकृत मार्क्सवादी लेनिनवादी),सुर्य,False,कोशी प्रदेश,ताप्लेजुङ,1,13962,32.55,2251,5.25,गजेन्द्र प्रसाद तुम्याङ लिम्बु,नेपाली काँग्रेस,स्नातक,Bachelor,ताप्लेजुङ,ताप्लेजुङ सिरीजङ्घा गाउँपालिका मादिबुङ,TU
340563,नरेन्द्र कुमार केरुङ,पुरुष,53,2029-08-21,नेपाली काँग्रेस,रुख,False,कोशी प्रदेश,पाँचथर,1,17233,25.75,2499,3.73,हस्त राज शेर्मा,श्रम संस्कृति पार्टी,स्नात्तकोतर व्यवस्थापन,स्नात्तकोतर व्यवस्थापन,पाँचथर,पाँचथर फालेलुङ गाउँपालिका थोक्पन,त्रि.वी क्रितिपुर
340081,निश्कल राई,पुरुष,35,2047-11-07,नेपाली काँग्रेस,रुख,False,कोशी प्रदेश,इलाम,1,14543,24.49,911,1.53,विनोद नेम्बाङ्ग लिम्बु,श्रम संस्कृति पार्टी,,Unknown,इलाम,इलाम सूर्योदय नगरपालिका केँची गाउ,
339922,सुहाङ नेम्बाङ,पुरुष,36,2046-11-06,नेपाल कम्युनिष्ट पार्टी (एकीकृत मार्क्सवादी लेनिनवादी),सुर्य,False,कोशी प्रदेश,इलाम,2,22426,35.16,7776,12.19,भेषराज आचार्य,नेपाली काँग्रेस,,Unknown,काठमाडौं,इलाम इलाम नगरपालिका ,
339485,निशा डाँगी,महिला,29,2053-08-16,राष्ट्रिय स्वतन्त्र पार्टी,घण्टी,False,कोशी प्रदेश,झापा,1,45680,58.35,35130,44.87,केशव राज पाण्डे,नेपाली काँग्रेस,स्नातकोत्तर,Masters,झापा,झापा भद्रपुर नगरपालिका ,TU
339380,इन्दिरा राना मगर,महिला,55,2027-03-18,राष्ट्रिय स्वतन्त्र पार्टी,घण्टी,False,कोशी प्रदेश,झापा,2,60110,65.82,48742,53.37,देव राज घिमिरे,नेपाल कम्युनिष्ट पार्टी (एकीकृत मार्क्सवादी लेनिनवादी),आई कम ,आई कम,झापा,झापा अर्जुनधारा नगरपालिका सालबारी,त्रिभुवन युनिभरसिटि
339542,प्रकाश पाठक,पुरुष,37,2045-04-01,राष्ट्रिय स्वतन्त्र पार्टी,घण्टी,False,कोशी प्रदेश,झापा,3,38674,46.87,21380,25.91,राजेन्द्र प्रसाद लिङ्देन,राष्ट्रिय प्रजातन्त्र पार्टी,स्‍नात्तकोतर,स्‍नात्तकोतर,झापा,झापा बाह्रदशी गाउँपालिका घाग्रा,TU
339393,शम्भु प्रसाद ढकाल,पुरुष,50,2032-08-02,राष्ट्रिय स्वतन्त्र पार्टी,घण्टी,False,कोशी प्रदेश,झापा,4,43631,56.62,31645,41.07,लाल प्रसाद साँवा लिम्बू,नेपाल कम्युनिष्ट पार्टी (एकीकृत मार्क्सवादी लेनिनवादी),एम ए राजनीति शास्त्र,एम ए राजनीति शास्त्र,झापा,झापा कन्काई नगरपालिका ,
339653,वालेन्द्र शाह,पुरुष,36,2046-10-25,राष्ट्रिय स्वतन्त्र पार्टी,घण्टी,False,कोशी प्रदेश,झापा,5,68348,66.79,49614,48.48,के.पी शर्मा ओली,नेपाल कम्युनिष्ट पार्टी (एकीकृत मार्क्सवादी लेनिनवादी),BTU,BTU,काठमाडौं,काठमाडौं काठमाडौँ महानगरपालिका ,
340348,अर्जुन कुमार कार्की,पुरुष,62,2020-04-26,नेपाल कम्युनिष्ट पार्टी (एकीकृत मार्क्सवादी लेनिनवादी),सुर्य,False,कोशी प्रदेश,संखुवासभा,1,15636,26.55,636,1.08,मिङमा शेर्पा,राष्ट्रिय स्वतन्त्र पार्टी,बिद्यावारीधि,बिद्यावारीधि,संखुवासभा,संखुवासभा खाँदवारी नगरपालिका ,"university of east anglia, school of development studies, UK"
340612,सन्तोष सुब्वा,पुरुष,48,2034-08-13,नेपाली काँग्रेस,रुख,False,कोशी प्रदेश,तेह्रथुम,1,11561,31.42,879,2.39,भानु भक्त ढकाल,नेपाल कम्युनिष्ट पार्टी (एकीकृत मार्क्सवादी लेनिनवादी),एल.एल.बि,एल.एल.बि,तेह्रथुम,तेह्रथुम म्याङलुङ नगरपालिका क्याम्पस टोल,महेन्द्र मोरङ विराटनगर
339479,ध्रुवराज राई,पुरुष,43,2039-03-13,श्रम संस्कृति पार्टी,अँजुलीमा रहेको माटो,False,कोशी प्रदेश,भोजपुर,1,16663,31.01,1913,3.56,शेरधन राई,नेपाल कम्युनिष्ट पार्टी (एकीकृत मार्क्सवादी लेनिनवादी),,Unknown,भोजपुर,भोजपुर टेम्केमैयुङ गाउँपालिका ,
339725,राजेन्द्र कुमार राई,पुरुष,59,2022-12-29,नेपाल कम्युनिष्ट पार्टी (एकीकृत मार्क्सवादी लेनिनवादी),सुर्य,False,कोशी प्रदेश,धनकुटा,1,18132,30.62,3875,6.54,दिनेश राई,नेपाली काँग्रेस,आई.ए.,आई.ए.,धनकुटा,धनकुटा पाख्रिवास नगरपालिका राम्चे,त्रि.वि.
341227,यज्ञमणि  न्याैपाने,पुरुष,41,2041-05-27,राष्ट्रिय स्वतन्त्र पार्टी,घण्टी,False,कोशी प्रदेश,मोरङ,1,27367,38.03,9845,13.68,शान्ती पाख्रिन लामा,श्रम संस्कृति पार्टी,एम.ए.,एम.ए.,ताप्लेजुङ,काठमाडौं काठमाडौँ महानगरपालिका ,
341642,कृष्ण कुमार कार्की,पुरुष,40,2042-08-21,राष्ट्रिय स्वतन्त्र पार्टी,घण्टी,False,कोशी प्रदेश,मोरङ,2,40924,54.86,25300,33.91,दिलीप कुमार अग्रवाल,नेपाल कम्युनिष्ट पार्टी (एकीकृत मार्क्सवादी लेनिनवादी),,Unknown,ओखलढुंगा,मोरङ रतुवामाई नगरपालिका ,
341077,गणेश कार्की,पुरुष,40,2042-09-28,राष्ट्रिय स्वतन्त्र पार्टी,घण्टी,False,कोशी प्रदेश,मोरङ,3,36924,41.28,12570,14.05,शुनिल कुमार शर्मा,नेपाली काँग्रेस,स्‍नात्तकोत्तर,स्‍नात्तकोत्तर,मोरङ,मोरङ पथरी शनिश्चरे नगरपालिका ,त्रि.वि.
342293,सन्तोष राजवंशी,पुरुष,34,2048-09-12,राष्ट्रिय स्वतन्त्र पार्टी,घण्टी,False,कोशी प्रदेश,मोरङ,4,40833,54.79,28015,37.59,गुरु राज घिमिरे,नेपाली काँग्रेस,स्‍नातक ,Bachelor,मोरङ,मोरङ विराटनगर महानगरपालिका ,त्रि वि
341509,आशा झा,महिला,42,2040-04-15,राष्ट्रिय स्वतन्त्र पार्टी,घण्टी,False,कोशी प्रदेश,मोरङ,5,30434,43.13,21019,29.79,फुल कुमार लालवानी,नेपाली काँग्रेस,स्नातक,Bachelor,सप्तरी,मोरङ विराटनगर महानगरपालिका अभिवादन टोल,"लक्ष्मीवल्लभ नर्सिङ मल्टिपल कलेज, सप्तरी"
341123,रुबिना आचार्य,महिला,31,2051-10-10,राष्ट्रिय स्वतन्त्र पार्टी,घण्टी,False,कोशी प्रदेश,मोरङ,6,55513,64.96,42663,49.92,डा शेखर कोइराला,नेपाली काँग्रेस,MBA,MBA,मोरङ,मोरङ विराटनगर महानगरपालिका आयल निगम,
339794,हर्क राज राई,पुरुष,43,2039-11-15,श्रम संस्कृति पार्टी,अँजुलीमा रहेको माटो,False,कोशी प्रदेश,सुनसरी,1,35741,43.07,8492,10.23,गोमा तामाङ,राष्ट्रिय स्वतन्त्र पार्टी,स्‍नातक,Bachelor,खोटाङ,सुनसरी धरान उपमहानगरपालिका बुद्धचोक,टि.यु.
341392,लाल बिक्रम थापा,पुरुष,39,2043-03-18,राष्ट्रिय स्वतन्त्र पार्टी,घण्टी,False,कोशी प्रदेश,सुनसरी,2,57348,60.09,41277,43.25,राजीव कोइराला,नेपाली काँग्रेस,डिप्लोमा इन सिभिल इन्जिनियरिङ्ग,डिप्लोमा इन सिभिल इन्जिनियरिङ्ग,धनकुटा,सुनसरी इटहरी उपमहानगरपालिका ,पूर्वाञ्चल क्याम्पस
340042,अशोक कुमार चौधरी,पुरुष,42,2040-01-04,राष्ट्रिय स्वतन्त्र पार्टी,घण्टी,False,कोशी प्रदेश,सुनसरी,3,47421,53.05,26920,30.12,विजय कुमार गच्‍छदार,नेपाली काँग्रेस,+2 ,Plus 2 / Higher Secondary,सुनसरी,सुनसरी इटहरी उपमहानगरपालिका पचरुखी,
340603,दीपक कुमार साह,पुरुष,49,2033-02-15,राष्ट्रिय स्वतन्त्र पार्टी,घण्टी,False,कोशी प्रदेश,सुनसरी,4,42771,54.51,26184,33.37,ज्ञानेन्द्र बहादुर कार्की,नेपाली काँग्रेस,स्तानक मेकानिकल इन्जिनियरिङ्ग,स्तानक मेकानिकल इन्जिनियरिङ्ग,सुनसरी,सुनसरी भोक्राहा नरसिंह गाउँपालिका ,त्रि.यु पुलचौक इन्जिनियरिङ्ग क्याम्पस पुलचौक ललितपुर
341534,प्रकाश सिंह कार्की,पुरुष,62,2020-07-22,नेपाली काँग्रेस,रुख,False,कोशी प्रदेश,सोलुखुम्बु,1,13166,34.14,3752,9.73,अशिम राई,नेपाली कम्युनिष्ट पार्टी,+2,Plus 2 / Higher Secondary,सोलुखुम्बु,सोलुखुम्बु नेचासल्यान गाउँपालिका ,
339964,आरेन राई,पुरुष,29,2053-06-08,श्रम संस्कृति पार्टी,अँजुलीमा रहेको माटो,False,कोशी प्रदेश,खोटाङ,1,16612,28.33,3898,6.65,देव विक्रम राई,नेपाल कम्युनिष्ट पार्टी (एकीकृत मार्क्सवादी लेनिनवादी),+2,Plus 2 / Higher Secondary,खोटाङ,खोटाङ केपिलासगढी गाउँपालिका ,कितिनी कलेज ललितपुर
339838,बिश्‍व राज पोखरेल,पुरुष,59,2023-04-20,राष्ट्रिय स्वतन्त्र पार्टी,घण्टी,False,कोशी प्रदेश,ओखलढुंगा,1,13953,25.12,5,0.01,कुमार लुईटेल,नेपाली काँग्रेस,एम. ए.,एम. ए.,काठमाडौं,काठमाडौं काठमाडौँ महानगरपालिका कोपिला मार्ग,त्रिभुवन विश्वविद्यालय
341485,पारश मणि गेलाल,पुरुष,40,2042-01-10,राष्ट्रिय स्वतन्त्र पार्टी,घण्टी,False,कोशी प्रदेश,उदयपुर,1,30590,41.38,18984,25.68,राजेश कुमार राई,श्रम संस्कृति पार्टी,स्नातकोत्तर,Masters,सुनसरी,सुनसरी इनरुवा नगरपालिका सिकारी,त्रि.वि.
341674,सुर्य बहादुर  तामाङ्ग,पुरुष,41,2041-10-10,राष्ट्रिय स्वतन्त्र पार्टी,घण्टी,False,कोशी प्रदेश,उदयपुर,2,14802,36.32,7154,17.55,अम्वर बहादुर रायामाझी,नेपाल कम्युनिष्ट पार्टी (एकीकृत मार्क्सवादी लेनिनवादी),,Unknown,उदयपुर,उदयपुर कटारी नगरपालिका मर्जेतपुर,
341238,पुष्पा कुमारी चौधरी,महिला,36,2046-08-05,राष्ट्रिय स्वतन्त्र पार्टी,घण्टी,False,मधेश प्रदेश,सप्तरी,1,38195,53.55,30348,42.55,सुमित कुमार -,स्वाभिमान पार्टी,,Unknown,सप्तरी,सप्तरी कञ्चनरुप नगरपालिका ,
339852,रामजी यादव,पुरुष,30,2052-07-26,राष्ट्रिय स्वतन्त्र पार्टी,घण्टी,False,मधेश प्रदेश,सप्तरी,2,28404,45.24,14141,22.52,उमेश कुमार यादव,"जनता समाजवादी पार्टी, नेपाल",Bachelor,Bachelor,सप्तरी,सप्तरी राजविराज नगरपालिका विहारपुर,
341099,अमर कान्त चौधरी,पुरुष,44,2038-08-01,राष्ट्रिय स्वतन्त्र पार्टी,घण्टी,False,मधेश प्रदेश,सप्तरी,3,32875,47.44,17636,25.45,उपेन्द्र यादव,"जनता समाजवादी पार्टी, नेपाल",स्नातक,Bachelor,सप्तरी,सप्तरी डाक्नेश्वरी नगरपालिका पातो,
341103,सिताराम साह,पुरुष,65,2017-10-15,राष्ट्रिय स्वतन्त्र पार्टी,घण्टी,False,मधेश प्रदेश,सप्तरी,4,36412,54.92,23309,35.16,तेजु लाल चौधरी,नेपाली काँग्रेस,I.sc Forestory,I.sc Forestory,सप्तरी,सप्तरी खडक नगरपालिका कल्यानपुर,HETAUDA
340556,बब्लु गुप्ता,पुरुष,28,2054-04-07,राष्ट्रिय स्वतन्त्र पार्टी,घण्टी,False,मधेश प्रदेश,सिराहा,1,41322,61.35,31538,46.83,राम सुन्दर चौधरी,नेपाली काँग्रेस,स्नातक,Bachelor,सिराहा,सिराहा लहान नगरपालिका ,स्नातक
341250,शिव शंकर यादव,पुरुष,30,2052-06-20,राष्ट्रिय स्वतन्त्र पार्टी,घण्टी,False,मधेश प्रदेश,सिराहा,2,39561,56.81,26747,38.41,राम चन्द्र यादव,नेपाली काँग्रेस,स्नातक,Bachelor,सिराहा,सिराहा सुखीपुर नगरपालिका बिद्यानगर,tu
342059,शम्भु कुमार यादव,पुरुष,41,2041-09-15,राष्ट्रिय स्वतन्त्र पार्टी,घण्टी,False,मधेश प्रदेश,सिराहा,3,32249,45.65,22093,31.28,लिलानाथ श्रेष्ठ,नेपाल कम्युनिष्ट पार्टी (एकीकृत मार्क्सवादी लेनिनवादी),एम वि.वि.एस,एम वि.वि.एस,सिराहा,सिराहा सिरहा नगरपालिका ,chancho univarcity
341713,तपेश्वर यादव,पुरुष,33,2049-10-15,राष्ट्रिय स्वतन्त्र पार्टी,घण्टी,False,मधेश प्रदेश,सिराहा,4,36210,57.33,28238,44.71,अजय शंकर नायक,नेपाली कम्युनिष्ट पार्टी,सिभिल ईन्जीनियर,सिभिल ईन्जीनियर,सिराहा,सिराहा नरहा गाउँपालिका नरहा,TU
339806,राम विनोद यादव,पुरुष,49,2032-12-29,राष्ट्रिय स्वतन्त्र पार्टी,घण्टी,False,मधेश प्रदेश,धनुषा,2,41637,53.36,31439,40.29,दिनेश प्रसाद  यादव परसैला,नेपाली काँग्रेस,10+2,Plus 2 / Higher Secondary,धनुषा,धनुषा जनकपुरधाम उपमहानगरपालिका कनकपट्टी,राजर्षि जनक क्याम्पस
340296,मनिष झा,पुरुष,45,2037-02-01,राष्ट्रिय स्वतन्त्र पार्टी,घण्टी,False,मधेश प्रदेश,धनुषा,3,43988,59.14,27336,36.75,विमलेन्द्र निधि,नेपाली काँग्रेस,Master in political Science,Master in political Science,धनुषा,धनुषा जनकपुरधाम उपमहानगरपालिका ,T.U.
341797,राज  किशोर  महतो ,पुरुष,51,2031-01-14,राष्ट्रिय स्वतन्त्र पार्टी,घण्टी,False,मधेश प्रदेश,धनुषा,4,48270,60.98,32461,41.01,महेन्द्र यादव,नेपाली काँग्रेस,,Unknown,धनुषा,धनुषा बटेश्वर गाउँपालिका ,
341312,प्रमोद कुमार महतो,पुरुष,40,2042-04-15,राष्ट्रिय स्वतन्त्र पार्टी,घण्टी,False,मधेश प्रदेश,महोत्तरी,1,34636,54.77,22012,34.81,गिरिराज  मणी  पोखरेल,नेपाली कम्युनिष्ट पार्टी,SLC,SLC,महोत्तरी,महोत्तरी गौशाला नगरपालिका ,श्र‍ी मा.वि. गौशाला
341190,दिपक कुमार साह,पुरुष,34,2047-12-10,राष्ट्रिय स्वतन्त्र पार्टी,घण्टी,False,मधेश प्रदेश,महोत्तरी,2,32722,55.32,22524,38.08,शरत सिंह भण्डारी,"जनता समाजवादी पार्टी, नेपाल",मास्टर्स,मास्टर्स,महोत्तरी,महोत्तरी महोत्तरी गाउँपालिका ,institute of medicine (london school of Hygiene and tropical medicine)
340549,उज्‍ज्‍वल कुमार झा,पुरुष,33,2049-09-25,राष्ट्रिय स्वतन्त्र पार्टी,घण्टी,False,मधेश प्रदेश,महोत्तरी,3,32451,54.56,26482,44.52,मुहमद रिजवान,नेपाल संघीय समाजवादी पार्टी(एकल चुनाव चिन्ह),ईन्जिनियर,ईन्जिनियर,महोत्तरी,महोत्तरी एकडारा गाउँपालिका एकडारा,भि.टि.यू. वेलगाम
341656,गौरी कुमारी,महिला,54,2028-10-05,राष्ट्रिय स्वतन्त्र पार्टी,घण्टी,False,मधेश प्रदेश,महोत्तरी,4,30132,50.61,21390,35.92,सुरेन्‍द्र कुमार यादव,"जनता समाजवादी पार्टी, नेपाल",I.Sc.,Plus 2 / Higher Secondary,महोत्तरी,महोत्तरी साम्सी गाउँपालिका संग्रामपुर,
342793,नितिमा भण्डारी (कार्की),महिला,43,2039-04-02,राष्ट्रिय स्वतन्त्र पार्टी,घण्टी,False,मधेश प्रदेश,सर्लाही,1,44181,59.83,36310,49.17,शम्भु लाल श्रेष्ठ,नेपाली काँग्रेस,स्नातक तह ,स्नातक तह,काठमाडौं,काठमाडौं काठमाडौँ महानगरपालिका सिनामंगल,old street college eustom (UK)
341252,रबिन महतो,पुरुष,38,2044-10-20,राष्ट्रिय स्वतन्त्र पार्टी,घण्टी,False,मधेश प्रदेश,सर्लाही,2,42512,58.73,33989,46.96,महिन्द्र राय यादव,नेपाली कम्युनिष्ट पार्टी,१०+२ पास,१०+२ पास,सर्लाही,सर्लाही कविलासी नगरपालिका ,"राजर्षि जनक क्याम्पस, जनकपुर"
339904,नरेन्द्र साह कलवार,पुरुष,53,2029-05-25,राष्ट्रिय स्वतन्त्र पार्टी,घण्टी,False,मधेश प्रदेश,सर्लाही,3,46890,60.24,33552,43.1,नारायण काजी श्रेष्‍ठ,नेपाली कम्युनिष्ट पार्टी,आइ ए,आइ ए,सर्लाही,सर्लाही बरहथवा नगरपालिका ,आर आर क्याम्पस जनकपुर
340974,अमरेश कुमार सिह,पुरुष,55,2027-05-20,राष्ट्रिय स्वतन्त्र पार्टी,घण्टी,False,मधेश प्रदेश,सर्लाही,4,35688,48.65,12857,17.53,गगन कुमार थापा,नेपाली काँग्रेस,p.hd.,p.hd.,सर्लाही,सर्लाही बलरा नगरपालिका बलरा गोट,
341836,राजेश कुमार चौधरी,पुरुष,54,2028-05-04,राष्ट्रिय स्वतन्त्र पार्टी,घण्टी,False,मधेश प्रदेश,रौतहट,1,28946,43.82,18253,27.63,अजय कुमार गुप्‍ता,नेपाल कम्युनिष्ट पार्टी (एकीकृत मार्क्सवादी लेनिनवादी),इन्टरमेडियट,इन्टरमेडियट,रौतहट,रौतहट दुर्गा भगवती गाउँपालिका गंगापिप्रा,बिहार बोर्ड भारत
340266,मो. फिरदोश आलम,पुरुष,39,2043-09-05,नेपाली काँग्रेस,रुख,False,मधेश प्रदेश,रौतहट,2,29528,44.64,11086,16.76,किरण कुमार साह,नेपाली कम्युनिष्ट पार्टी,एम.बि.बि.एस.,एम.बि.बि.एस.,रौतहट,रौतहट राजपुर नगरपालिका राजपुर फरहदवा,"बोलान मेडिकल कालेज, पाकिस्तान"
341005,रविन्‍द्र पटेल,पुरुष,48,2034-10-07,राष्ट्रिय स्वतन्त्र पार्टी,घण्टी,False,मधेश प्रदेश,रौतहट,3,27318,40.37,15364,22.7,गोविन्द चौधरी,"जनता समाजवादी पार्टी, नेपाल",Ied,Ied,रौतहट,रौतहट मौलापुर नगरपालिका सोनरनिया,"श्री मा.वि. जनज्योती चन्द्रनिगाहपुर, रौतहट"
341093,गणेश पौडेल,पुरुष,43,2039-10-11,राष्ट्रिय स्वतन्त्र पार्टी,घण्टी,False,मधेश प्रदेश,रौतहट,4,36876,52.93,21011,30.16,देव प्रसाद तिमलसेना,नेपाली काँग्रेस,स्नातकोउत्तर,स्नातकोउत्तर,रौतहट,रौतहट चन्द्रपुर नगरपालिका दुर्गा चोक,
340083,गणेश धिमाल,पुरुष,43,2039-07-10,राष्ट्रिय स्वतन्त्र पार्टी,घण्टी,False,मधेश प्रदेश,बारा,1,39998,53.13,25775,34.24,शम्भु बहादुर बुढाथोकी,नेपाली काँग्रेस,स्नातकोत्तर,Masters,बारा,बारा कोल्हवी नगरपालिका कोल्हवी वजार,त्रिभुवन विश्व विद्यालय
341439,चन्दन कुमार सिंह,पुरुष,42,2039-12-27,राष्ट्रिय स्वतन्त्र पार्टी,घण्टी,False,मधेश प्रदेश,बारा,2,35590,48.91,21394,29.4,रामकिशोर प्रसाद यादव,"जनता समाजवादी पार्टी, नेपाल",+2,Plus 2 / Higher Secondary,बारा,बारा देवताल गाउँपालिका पिप्राढी,
340776,अरबिन्द साह,पुरुष,41,2041-01-05,राष्ट्रिय स्वतन्त्र पार्टी,घण्टी,False,मधेश प्रदेश,बारा,3,40697,57.15,30645,43.04,फरमुल्लाह मंसुर,नेपाली काँग्रेस,स्नातकोत्तर,Masters,बारा,बारा महागढीमाई नगरपालिका ,त्रिभुवन विश्व विद्यालय
341514,रहवर अंसारी,पुरुष,39,2043-01-15,राष्ट्रिय स्वतन्त्र पार्टी,घण्टी,False,मधेश प्रदेश,बारा,4,41200,55.2,29561,39.61,कृष्ण कुमार श्रेष्ठ,नेपाल कम्युनिष्ट पार्टी (एकीकृत मार्क्सवादी लेनिनवादी),स्नातकोत्तर,Masters,काठमाडौं,पर्सा वीरगंज महानगरपालिका बहुअरी,
340884,बुद्धि प्रसाद पन्त,पुरुष,46,2036-06-14,राष्ट्रिय स्वतन्त्र पार्टी,घण्टी,False,मधेश प्रदेश,पर्सा,1,27274,47.66,14244,24.89,प्रदिप यादव,नेपाल कम्युनिष्ट पार्टी (एकीकृत मार्क्सवादी लेनिनवादी),,Unknown,रौतहट,पर्सा वीरगंज महानगरपालिका ,
340881,सुशील कुमार कानु,पुरुष,36,2046-01-17,राष्ट्रिय स्वतन्त्र पार्टी,घण्टी,False,मधेश प्रदेश,पर्सा,2,30740,50.14,18850,30.75,अजय कुमार चौरसिया,नेपाली काँग्रेस,+2,Plus 2 / Higher Secondary,पर्सा,पर्सा वीरगंज महानगरपालिका घडिअर्वा,TU
340309,रामाकान्त प्रसाद चौरसीया,पुरुष,57,2025-04-03,राष्ट्रिय स्वतन्त्र पार्टी,घण्टी,False,मधेश प्रदेश,पर्सा,3,29679,47.58,13313,21.34,सुरेन्‍द्र प्रसाद चौधरी,नेपाली काँग्रेस,दश,दश,पर्सा,पर्सा वीरगंज महानगरपालिका वर्वागोग,
342274,टेक वहादुर शाक्य,पुरुष,50,2032-11-11,राष्ट्रिय स्वतन्त्र पार्टी,घण्टी,False,मधेश प्रदेश,पर्सा,4,28006,45.28,15472,25.02,रमेश रिजाल,नेपाली काँग्रेस,प्रविणता प्रमाण पत्र political science ,प्रविणता प्रमाण पत्र political science,पर्सा,पर्सा ठोरी गाउँपालिका ,ठाकुराम बहुमुखी क्याम्पस वीरगन्ज
339522,जगदीश खरेल,पुरुष,36,2045-12-27,राष्ट्रिय स्वतन्त्र पार्टी,घण्टी,False,बागमती प्रदेश,दोलखा,1,32376,40.56,14927,18.7,पार्वत गुरुङ,नेपाल कम्युनिष्ट पार्टी (एकीकृत मार्क्सवादी लेनिनवादी),Bachelor,Bachelor,दोलखा,दोलखा कालिन्चोक गाउँपालिका ,Nepal
340091,कृष्ण हरी बुढाथोकी,पुरुष,44,2038-05-10,राष्ट्रिय स्वतन्त्र पार्टी,घण्टी,False,बागमती प्रदेश,रामेछाप,1,24808,30.26,7199,8.78,माधव प्रसाद ढुंगेल,नेपाल कम्युनिष्ट पार्टी (एकीकृत मार्क्सवादी लेनिनवादी),Ph.D,Ph.D,रामेछाप,रामेछाप मन्थली नगरपालिका ,त्रिभुवन वि.
340281,धनेन्द्र कार्की,पुरुष,38,2043-12-22,राष्ट्रिय स्वतन्त्र पार्टी,घण्टी,False,बागमती प्रदेश,सिन्धुली,1,16659,29.08,784,1.37,प्रदिप कुमार कटुवाल क्षेत्री (के सी),नेपाल कम्युनिष्ट पार्टी (एकीकृत मार्क्सवादी लेनिनवादी),,Unknown,सिन्धुली,सिन्धुली तीनपाटन गाउँपालिका आपटार,
340203,आशिष गजुरेल,पुरुष,44,2038-01-02,राष्ट्रिय स्वतन्त्र पार्टी,घण्टी,False,बागमती प्रदेश,सिन्धुली,2,17940,33.43,3160,5.89,लेख नाथ दाहाल,नेपाली कम्युनिष्ट पार्टी,मस्टर इन ट्रसपेटेसन सिटम ,मस्टर इन ट्रसपेटेसन सिटम,सिन्धुली,सिन्धुली कमलामाई नगरपालिका ,टेकनिकल युनिर्भसिटि मिउनिक जर्मनी
340518,मोहन आचार्य,पुरुष,48,2033-12-29,नेपाली काँग्रेस,रुख,False,बागमती प्रदेश,रसुवा,1,10656,44.51,5085,21.24,बसन्त भट्ट,राष्ट्रिय स्वतन्त्र पार्टी,,Unknown,रसुवा,रसुवा उत्तरगया गाउँपालिका लहरे,
342066,आसिका तामाङ,महिला,37,2045-07-01,राष्ट्रिय स्वतन्त्र पार्टी,घण्टी,False,बागमती प्रदेश,धादिङ,1,39128,48.4,24096,29.81,भुमि प्रसाद त्रिपाठी,नेपाल कम्युनिष्ट पार्टी (एकीकृत मार्क्सवादी लेनिनवादी),नर्सिङ,नर्सिङ,धादिङ,धादिङ गजुरी गाउँपालिका ,ग्रिनतारा नर्सिङ क्याम्पस
340512,वोध नारायण श्रेष्‍ठ,पुरुष,56,2026-05-03,राष्ट्रिय स्वतन्त्र पार्टी,घण्टी,False,बागमती प्रदेश,धादिङ,2,26145,37.48,5866,8.41,रमेश प्रसाद धमला,नेपाली काँग्रेस,MS,MS,धादिङ,धादिङ ज्वालामूखी गाउँपालिका पोखरीथोक,
340093,विक्रम तिमिल्सिना,पुरुष,43,2039-07-07,राष्ट्रिय स्वतन्त्र पार्टी,घण्टी,False,बागमती प्रदेश,नुवाकोट,1,22609,33.6,4012,5.96,प्रकाश शरण महत,नेपाली काँग्रेस,बिध्यावारिधी,बिध्यावारिधी,नुवाकोट,नुवाकोट पञ्चकन्या गाउँपालिका बानियाटार,"ग्रिफित विश्वविध्यालय, अष्ट्रेलिया"
341708,अचुत्तम लामिछाने,पुरुष,48,2034-07-27,राष्ट्रिय स्वतन्त्र पार्टी,घण्टी,False,बागमती प्रदेश,नुवाकोट,2,32054,47.78,16551,24.67,जगदिश्‍वर नरसिंह के.सी.,नेपाली काँग्रेस,विद्यावारिधी,PhD,रौतहट,काठमाडौं टोखा नगरपालिका ,योङ्ग ईन विश्वविद्यालय (दक्षिण कोरिया)
340716,रन्‍जु न्‍यौपाने,महिला,30,2052-11-20,राष्ट्रिय स्वतन्त्र पार्टी,घण्टी,False,बागमती प्रदेश,काठमाडौं,1,15455,53.14,9091,31.26,प्रबल  थापा क्षेत्री ,नेपाली काँग्रेस,स्नातकोत्तर,Masters,मोरङ,काठमाडौं काठमाडौँ महानगरपालिका ,
340506,प्रदिप विष्‍ट,पुरुष,51,2031-08-29,राष्ट्रिय स्वतन्त्र पार्टी,घण्टी,False,बागमती प्रदेश,काठमाडौं,10,37469,64.54,29369,50.59,हिमाल कार्की,नेपाली काँग्रेस,Intermediate in commerce,Intermediate in commerce,काठमाडौं,काठमाडौं कीर्तिपुर नगरपालिका दूधपोखरी,पिपोल्स क्याम्पस
341881,सुनिल के.सी.,पुरुष,43,2039-08-17,राष्ट्रिय स्वतन्त्र पार्टी,घण्टी,False,बागमती प्रदेश,काठमाडौं,2,34238,60.05,25364,44.49,कबिर शर्मा,नेपाली काँग्रेस,+2,Plus 2 / Higher Secondary,काठमाडौं,काठमाडौं काठमाडौँ महानगरपालिका निखिलेश्‍वर मार्ग,HSEB
339690,राजु नाथ पाण्डे,पुरुष,55,2027-05-26,राष्ट्रिय स्वतन्त्र पार्टी,घण्टी,False,बागमती प्रदेश,काठमाडौं,3,18757,44.75,7586,18.1,कुलमान घिसिङ्,उज्यालो नेपाल पार्टी,स्नातकोत्तर,Masters,नुवाकोट,काठमाडौं काठमाडौँ महानगरपालिका सामाखुशी,त्रिभुवन विश्वविद्यालय
340660,पुकार बम,पुरुष,38,2044-03-10,राष्ट्रिय स्वतन्त्र पार्टी,घण्टी,False,बागमती प्रदेश,काठमाडौं,4,29142,59.85,20318,41.73,सचिन तिमल्सेना,नेपाली काँग्रेस,,Unknown,कैलाली,काठमाडौं काठमाडौँ महानगरपालिका थापाथली,
340670,सस्मित पोखरेल,पुरुष,29,2052-12-01,राष्ट्रिय स्वतन्त्र पार्टी,घण्टी,False,बागमती प्रदेश,काठमाडौं,5,30737,61.23,21578,42.98,प्रदीप पौडेल,नेपाली काँग्रेस,स्नातक,Bachelor,काठमाडौं,काठमाडौं काठमाडौँ महानगरपालिका ,Kathmandu University
342290,शिशिर  खनाल ,पुरुष,47,2035-09-16,राष्ट्रिय स्वतन्त्र पार्टी,घण्टी,False,बागमती प्रदेश,काठमाडौं,6,27916,64.39,21249,49.01,कृष्‍ण वानियाँ क्षेत्री,नेपाली काँग्रेस,स्नातकोत्तर,Masters,काठमाडौं,काठमाडौं टोखा नगरपालिका ,"University of Wishconsin, USA"
340951,गणेश पराजुली,पुरुष,46,2036-04-13,राष्ट्रिय स्वतन्त्र पार्टी,घण्टी,False,बागमती प्रदेश,काठमाडौं,7,27805,65.12,23823,55.8,प्रमोद हरि गुरागाई,नेपाली काँग्रेस,स्नातक,Bachelor,खोटाङ,काठमाडौं नागार्जुन नगरपालिका देवनगर,
340972,विराज भक्त श्रेष्ठ,पुरुष,44,2038-01-26,राष्ट्रिय स्वतन्त्र पार्टी,घण्टी,False,बागमती प्रदेश,काठमाडौं,8,24592,67.54,21375,58.7,सुमन सायमी,नेपाली कम्युनिष्ट पार्टी,Bachelor,Bachelor,काठमाडौं,काठमाडौं काठमाडौँ महानगरपालिका इन्‍द्रचोक,SANN International College
340686,डोल प्रसाद अर्याल,पुरुष,51,2031-05-06,राष्ट्रिय स्वतन्त्र पार्टी,घण्टी,False,बागमती प्रदेश,काठमाडौं,9,35093,69.26,29633,58.48,नानु मैया बास्तोला,नेपाली काँग्रेस,,Unknown,धादिङ,काठमाडौं काठमाडौँ महानगरपालिका बिनायक बस्ती,
339461,रुकेश रन्जित,पुरुष,46,2036-04-04,राष्ट्रिय स्वतन्त्र पार्टी,घण्टी,False,बागमती प्रदेश,भक्तपुर,1,33436,44.6,5289,7.06,प्रेम सुवाल,नेपाल मजदुर किसान पार्टी,एम.बि.ए,एम.बि.ए,भक्तपुर,भक्तपुर भक्तपुर नगरपालिका नासमना,विनायका मिसन युनिभर्सिटि
340060,राजीव खत्री,पुरुष,39,2043-01-08,राष्ट्रिय स्वतन्त्र पार्टी,घण्टी,False,बागमती प्रदेश,भक्तपुर,2,42334,60.67,31338,44.91,महेश बस्नेत,नेपाल कम्युनिष्ट पार्टी (एकीकृत मार्क्सवादी लेनिनवादी),,Unknown,काठमाडौं,काठमाडौं काठमाडौँ महानगरपालिका कालोपुल ज्ञानेश्‍वर,
341868,बुद्ध रत्न महर्जन,पुरुष,47,2035-02-03,राष्ट्रिय स्वतन्त्र पार्टी,घण्टी,False,बागमती प्रदेश,ललितपुर,1,23373,47.13,9853,19.87,उदय शंशेर ज.ब.राणा,नेपाली काँग्रेस,वि.ए.,वि.ए.,ललितपुर,ललितपुर महालक्ष्मी नगरपालिका सिद्धिरोड,रत्न राज्य क्याम्पस
340217,जगदिश खरेल,पुरुष,43,2039-04-22,राष्ट्रिय स्वतन्त्र पार्टी,घण्टी,False,बागमती प्रदेश,ललितपुर,2,39491,64.41,32071,52.31,प्रेम कृष्ण महर्जन,नेपाली काँग्रेस,masters,masters,दोलखा,ललितपुर महालक्ष्मी नगरपालिका ,
341547,तोसीमा कार्की,महिला,36,2046-02-07,राष्ट्रिय स्वतन्त्र पार्टी,घण्टी,False,बागमती प्रदेश,ललितपुर,3,43096,64.31,34051,50.81,जितेन्द्र कुमार श्रेष्ठ,नेपाली काँग्रेस,एम बि बि एस,एम बि बि एस,नवलपरासी (बर्दघाट सुस्ता पूर्व),ललितपुर ललितपुर महानगरपालिका आदिनाथमार्ग सरस्वती चोक,काठमाडौं विश्वविद्यालय
341324,मधु कुमार चौलागाई,पुरुष,56,2026-11-06,राष्ट्रिय स्वतन्त्र पार्टी,घण्टी,False,बागमती प्रदेश,काभ्रेपलाञ्चोक,1,29618,34.39,10452,12.14,गुणराज मुक्तान,नेपाली काँग्रेस,स्नातक,Bachelor,काभ्रेपलाञ्चोक,काभ्रेपलाञ्चोक चौंरीदेउराली गाउँपालिका ,
339525,बदन कुमार भण्डारी,पुरुष,33,2049-05-06,राष्ट्रिय स्वतन्त्र पार्टी,घण्टी,False,बागमती प्रदेश,काभ्रेपलाञ्चोक,2,53344,53.57,35476,35.63,मधु प्रसाद आचार्य,नेपाली काँग्रेस,+2,Plus 2 / Higher Secondary,काभ्रेपलाञ्चोक,काभ्रेपलाञ्चोक भुम्लु गाउँपालिका ,HSEB
341908,भरत प्रसाद पराजुली,पुरुष,57,2025-03-19,राष्ट्रिय स्वतन्त्र पार्टी,घण्टी,False,बागमती प्रदेश,सिन्धुपाल्चोक,1,24412,35.33,7085,10.26,माधव सापकोटा,नेपाली कम्युनिष्ट पार्टी,,Unknown,सिन्धुपाल्चोक,सिन्धुपाल्चोक बलेफी गाउँपालिका कुनेचौर,
340921,युवराज दुलाल,पुरुष,43,2039-11-07,नेपाली कम्युनिष्ट पार्टी,पाँचकुने तारा,False,बागमती प्रदेश,सिन्धुपाल्चोक,2,21699,29.17,2553,3.43,वंशलाल तामाङ,नेपाली काँग्रेस,masters,masters,सिन्धुपाल्चोक,सिन्धुपाल्चोक चौतारा साँगाचोकगढी नगरपालिका पौवा,
339633,प्रकाश गौतम,पुरुष,37,2045-07-04,राष्ट्रिय स्वतन्त्र पार्टी,घण्टी,False,बागमती प्रदेश,मकवानपुर,1,36033,39.72,21995,24.24,महालक्ष्मी उपाध्याय(डिना),नेपाली काँग्रेस,स्नातक,Bachelor,काभ्रेपलाञ्चोक,मकवानपुर हेटौडा उपमहानगरपालिका कुमलटार,त्रिभुवन विश्वविद्यालय
339629,प्रशान्त उप्रेती,पुरुष,25,2057-02-10,राष्ट्रिय स्वतन्त्र पार्टी,घण्टी,False,बागमती प्रदेश,मकवानपुर,2,30050,35.1,11204,13.09,महेश कुमार वर्तौला,नेपाल कम्युनिष्ट पार्टी (एकीकृत मार्क्सवादी लेनिनवादी),स्‍नातक,Bachelor,मकवानपुर,मकवानपुर मनहरी गाउँपालिका ,नेपाल पर्यटन तथा होटन व्यवस्थापन प्रतिष्ठान
341241,हरि ढकाल,पुरुष,42,2040-04-02,राष्ट्रिय स्वतन्त्र पार्टी,घण्टी,False,बागमती प्रदेश,चितवन,1,58208,63.34,45175,49.16,राजेन्द्र प्रसाद वुर्लाकोटी,नेपाली काँग्रेस,स्नातक,Bachelor,चितवन,चितवन रत्ननगर नगरपालिका माधवपुर,रत्नराज्य लक्ष्मि क्याम्पस
340990,रवि लामिछाने,पुरुष,50,2032-05-28,राष्ट्रिय स्वतन्त्र पार्टी,घण्टी,False,बागमती प्रदेश,चितवन,2,54402,64.59,39838,47.3,मिना कुमारी खरेल,नेपाली काँग्रेस,प्रमाणपत्र तह,Certificate Level,काठमाडौं,काठमाडौं काठमाडौँ महानगरपालिका ,रत्न राज्य लक्ष्मी क्याम्पस
341145,सोविता गौतम,महिला,30,2052-03-03,राष्ट्रिय स्वतन्त्र पार्टी,घण्टी,False,बागमती प्रदेश,चितवन,3,59277,61.33,38662,40.0,रेणु दाहाल,नेपाली कम्युनिष्ट पार्टी,स्नातकोत्तर (कानून),स्नातकोत्तर (कानून),दोलखा,चितवन भरतपुर महानगरपालिका ,
340913,सुधन गुरुङ,पुरुष,38,2044-03-25,राष्ट्रिय स्वतन्त्र पार्टी,घण्टी,False,गण्डकी प्रदेश,गोरखा,1,29896,48.7,14498,23.62,प्रेम कुमार खत्री,नेपाली काँग्रेस,,Unknown,गोरखा,गोरखा चुमनुव्री गाउँपालिका सिर्दिबास,
339991,कविन्द्र बुर्लाकोटी,पुरुष,46,2036-08-20,राष्ट्रिय स्वतन्त्र पार्टी,घण्टी,False,गण्डकी प्रदेश,गोरखा,2,26660,49.24,14960,27.63,प्रकाश चन्‍द्र दवाडी,नेपाली काँग्रेस,,Unknown,गोरखा,गोरखा पालुङटार नगरपालिका पिपल्टारी,
339862,टेक बहादुर गुरुङ,पुरुष,71,2011-08-11,नेपाली काँग्रेस,रुख,False,गण्डकी प्रदेश,मनाङ,1,2415,83.91,1961,68.14,यशोदा गुरुङ (सुवेदी),नेपाली कम्युनिष्ट पार्टी,slc,SLC,काठमाडौं,मनाङ मनाङ ङिस्याङ गाउँपालिका टंकी,"आनन्दकुटी विद्यापिठ, स्वयम्भु"
339858,धर्म राज के.सी,पुरुष,45,2037-08-18,राष्ट्रिय स्वतन्त्र पार्टी,घण्टी,False,गण्डकी प्रदेश,लमजुङ,1,33898,46.43,17022,23.31,पृथ्‍वी सुव्वा गुरुङ,नेपाल कम्युनिष्ट पार्टी (एकीकृत मार्क्सवादी लेनिनवादी),स्नातकोत्तर,Masters,लमजुङ,लमजुङ सुन्दरबजार नगरपालिका ,आजु विश्वविद्यालय द.कोरिया
339553,खडक राज पौडेल,पुरुष,46,2036-06-16,राष्ट्रिय स्वतन्त्र पार्टी,घण्टी,False,गण्डकी प्रदेश,कास्की,1,39883,59.16,28669,42.53,तिलक बहादुर रानाभाट,नेपाली काँग्रेस,,Unknown,कास्की,कास्की पोखरा महानगरपालिका रामेश्‍वरी,
339683,उत्तम प्रसाद पौडेल,पुरुष,43,2038-11-28,राष्ट्रिय स्वतन्त्र पार्टी,घण्टी,False,गण्डकी प्रदेश,कास्की,2,31911,62.97,24418,48.19,रश्‍मि आचार्य,नेपाल कम्युनिष्ट पार्टी (एकीकृत मार्क्सवादी लेनिनवादी),स्नातक रनिङ,स्नातक रनिङ,कास्की,कास्की रूपा गाउँपालिका ,
339651,बिना गुरुङ्ग,महिला,53,2029-10-13,राष्ट्रिय स्वतन्त्र पार्टी,घण्टी,False,गण्डकी प्रदेश,कास्की,3,37750,60.26,24970,39.86,मनोज गुरुङ्ग,नेपाली काँग्रेस,+2,Plus 2 / Higher Secondary,पर्वत,कास्की पोखरा महानगरपालिका जागर्तीमार्ग,Prithivi Narayan Campus
340905,स्वर्णिम वाग्ले,पुरुष,51,2031-02-16,राष्ट्रिय स्वतन्त्र पार्टी,घण्टी,False,गण्डकी प्रदेश,तनहुँ,1,38040,58.15,21809,33.34,गोविन्द भट्टराई,नेपाली काँग्रेस,phd,phd,काठमाडौं,गोरखा शहिद लखन गाउँपालिका बुङ्गकोट,अष्ट्रेलियन नेशनल युनिभर्सिटी
341124,श्रीराम न्यौपाने,पुरुष,56,2026-03-21,राष्ट्रिय स्वतन्त्र पार्टी,घण्टी,False,गण्डकी प्रदेश,तनहुँ,2,32687,52.23,18552,29.65,शंकर भण्डारी,नेपाली काँग्रेस,जलस्रोत ईन्जिनियरिङमा डिग्री,जलस्रोत ईन्जिनियरिङमा डिग्री,तनहुँ,तनहुँ भानु नगरपालिका ,"पुल्चोक क्याम्पस, इ.अ.सं., त्रि.वि.वि."
339751,धनन्जय रेग्मी,पुरुष,50,2032-01-23,राष्ट्रिय स्वतन्त्र पार्टी,घण्टी,False,गण्डकी प्रदेश,स्याङजा,1,29071,42.73,10214,15.01,भरत राज ढकाल,नेपाली काँग्रेस,PHD ,PHD,स्याङजा,स्याङजा पुतलीबजार नगरपालिका ढाडे,Hokkaido University japal 
341404,झवि लाल डुम्रे,पुरुष,33,2049-04-05,राष्ट्रिय स्वतन्त्र पार्टी,घण्टी,False,गण्डकी प्रदेश,स्याङजा,2,25354,40.72,4524,7.27,भागवत प्रकाश मल्ल,नेपाली काँग्रेस,Masters,Masters,स्याङजा,स्याङजा वालिङ नगरपालिका ,T.U.
340220,राजन गौतम,पुरुष,39,2043-06-13,राष्ट्रिय स्वतन्त्र पार्टी,घण्टी,False,गण्डकी प्रदेश,नवलपरासी (बर्दघाट सुस्ता पूर्व),1,50945,62.46,34652,42.49,बाल कृष्ण घिमिरे,नेपाली काँग्रेस,,Unknown,नवलपरासी (बर्दघाट सुस्ता पूर्व),नवलपरासी (बर्दघाट सुस्ता पूर्व) देवचुली नगरपालिका कुमारवर्ती टोल,
340347,मनिष खनाल,पुरुष,26,2056-03-11,राष्ट्रिय स्वतन्त्र पार्टी,घण्टी,False,गण्डकी प्रदेश,नवलपरासी (बर्दघाट सुस्ता पूर्व),2,41347,54.24,25592,33.57,तिल बहादुर महत क्षेत्री,नेपाल कम्युनिष्ट पार्टी (एकीकृत मार्क्सवादी लेनिनवादी),स्तानतक ,स्तानतक,नवलपरासी (बर्दघाट सुस्ता पूर्व),नवलपरासी (बर्दघाट सुस्ता पूर्व) मध्यविन्दु नगरपालिका ,नेपाल ल क्याम्पस
342128,योगेश गौचन  थकाली,पुरुष,32,2050-01-27,नेपाली काँग्रेस,रुख,False,गण्डकी प्रदेश,मुस्ताङ,1,3307,52.65,1501,23.9,इन्द्र धारा डादु विष्ट,नेपाल कम्युनिष्ट पार्टी (एकीकृत मार्क्सवादी लेनिनवादी),स्‍नाकोत्तर,स्‍नाकोत्तर,मुस्ताङ,मुस्ताङ थासाङ गाउँपालिका कालोपानी,Alliance university
339417,महावीर पुन,पुरुष,71,2011-10-05,स्वतन्त्र,त्रिभुज,True,गण्डकी प्रदेश,म्याग्दी,1,22850,52.94,14931,34.59,हरीकृष्ण श्रेष्ठ,नेपाल कम्युनिष्ट पार्टी (एकीकृत मार्क्सवादी लेनिनवादी),Master Degree,Master Degree,चितवन,चितवन राप्ती नगरपालिका खुरखरे,"युनिभर्सिटी अफ नेब्रास्का कर्नी, अमेरिका"
339959,सुशील खड्का,पुरुष,39,2042-12-01,राष्ट्रिय स्वतन्त्र पार्टी,घण्टी,False,गण्डकी प्रदेश,बाग्लुङ,1,20927,44.47,8983,19.09,भिम बहादुर श्रीस राना,नेपाली काँग्रेस,स्नाकोत्तर,स्नाकोत्तर,बाग्लुङ,बाग्लुङ बागलुङ नगरपालिका गुठी,Vanderbilt University USA
342039,सोम शर्मा,पुरुष,34,2048-09-29,राष्ट्रिय स्वतन्त्र पार्टी,घण्टी,False,गण्डकी प्रदेश,बाग्लुङ,2,12647,28.34,779,1.75,टेक राज पौडेल,नेपाली काँग्रेस,स्नातक,Bachelor,बाग्लुङ,बाग्लुङ बागलुङ नगरपालिका रातमाटा,
341279,सागर भुसाल,पुरुष,44,2038-04-29,राष्ट्रिय स्वतन्त्र पार्टी,घण्टी,False,गण्डकी प्रदेश,पर्वत,1,26561,42.02,10607,16.78,अर्जुन प्रसाद जोशी,नेपाली काँग्रेस,SLC,SLC,पर्वत,पर्वत फलेवास नगरपालिका भुसालचौर,भवानी विद्यापिठ मा.वि. फलेवास
341377,सागर ढकाल,पुरुष,34,2048-03-28,राष्ट्रिय स्वतन्त्र पार्टी,घण्टी,False,लुम्बिनी प्रदेश,गुल्मी,1,29642,47.14,14461,23.0,प्रदिप कुमार ज्ञवाली,नेपाल कम्युनिष्ट पार्टी (एकीकृत मार्क्सवादी लेनिनवादी),MSC,MSC,रूपन्देही,गुल्मी सत्यवती गाउँपालिका पिपलनेटा,Oxford University UK
341282,गोविन्द पन्थी,पुरुष,51,2031-11-16,राष्ट्रिय स्वतन्त्र पार्टी,घण्टी,False,लुम्बिनी प्रदेश,गुल्मी,2,16967,32.66,561,1.08,गोकर्ण राज विष्‍ट,नेपाल कम्युनिष्ट पार्टी (एकीकृत मार्क्सवादी लेनिनवादी),MPA/BL,MPA/BL,गुल्मी,काठमाडौं काठमाडौँ महानगरपालिका ,T.U
341027,सन्दीप राना,पुरुष,38,2044-02-20,नेपाली काँग्रेस,रुख,False,लुम्बिनी प्रदेश,पाल्पा,1,18336,35.38,1517,2.93,नारायण प्रसाद आचार्य,नेपाल कम्युनिष्ट पार्टी (एकीकृत मार्क्सवादी लेनिनवादी),,Unknown,पाल्पा,पाल्पा रामपुर नगरपालिका गिजिनडाँडा,
341329,माधव बहादुर थापा,पुरुष,45,2037-07-04,राष्ट्रिय स्वतन्त्र पार्टी,घण्टी,False,लुम्बिनी प्रदेश,पाल्पा,2,26736,45.99,13744,23.64,हिमाल दत्त श्रेष्ठ,नेपाली काँग्रेस,Bcahelor Of Medicine,Bcahelor Of Medicine,रूपन्देही,रूपन्देही बुटवल उपमहानगरपालिका ,
339640,हरी प्रसाद भुसाल,पुरुष,37,2045-07-24,राष्ट्रिय स्वतन्त्र पार्टी,घण्टी,False,लुम्बिनी प्रदेश,अर्घाखाँची,1,35023,42.04,12374,14.85,पिताम्वर भुसाल,नेपाल कम्युनिष्ट पार्टी (एकीकृत मार्क्सवादी लेनिनवादी),स्‍नातक,Bachelor,अर्घाखाँची,अर्घाखाँची सन्धिखर्क नगरपालिका ,त्रि.वि
340189,सुनिल लम्साल,पुरुष,35,2047-06-18,राष्ट्रिय स्वतन्त्र पार्टी,घण्टी,False,लुम्बिनी प्रदेश,रूपन्देही,1,54845,59.61,42863,46.59,हिरा बहादुर खत्री,नेपाली काँग्रेस,विद्यावारिधि (पढ्दै),विद्यावारिधि (पढ्दै),रूपन्देही,रूपन्देही तिलोत्तमा नगरपालिका भलवारी,काठमाण्डाैं विश्वविद्यालय
341184,सुलभ खरेल,पुरुष,28,2054-05-27,राष्ट्रिय स्वतन्त्र पार्टी,घण्टी,False,लुम्बिनी प्रदेश,रूपन्देही,2,56550,67.31,43689,52.0,विष्‍णु प्रसाद पौडेल,नेपाल कम्युनिष्ट पार्टी (एकीकृत मार्क्सवादी लेनिनवादी),स्नाकोत्तर,स्नाकोत्तर,रूपन्देही,रूपन्देही बुटवल उपमहानगरपालिका ,
339605,डा. लेखजंग थापा,पुरुष,48,2034-05-01,राष्ट्रिय स्वतन्त्र पार्टी,घण्टी,False,लुम्बिनी प्रदेश,रूपन्देही,3,58814,65.78,50379,56.34,सुशील गुरुङ्ग,नेपाली काँग्रेस,D.M.,D.M.,रूपन्देही,रूपन्देही सिद्धार्थनगर नगरपालिका अंचलपुर,काठमाण्डु विश्वविद्यालय
342471,कन्हैया बनिया,पुरुष,36,2046-06-08,राष्ट्रिय स्वतन्त्र पार्टी,घण्टी,False,लुम्बिनी प्रदेश,रूपन्देही,4,28066,38.96,7804,10.83,प्रमोद कुमार यादव,नेपाल कम्युनिष्ट पार्टी (एकीकृत मार्क्सवादी लेनिनवादी),स्नातकोत्तर,Masters,रूपन्देही,रूपन्देही मर्चवारी गाउँपालिका रायपुर,त्रिभुवन विश्वविद्यालय
341416,तौफिक अहमद खान,पुरुष,38,2044-06-15,राष्ट्रिय स्वतन्त्र पार्टी,घण्टी,False,लुम्बिनी प्रदेश,रूपन्देही,5,38806,49.23,25706,32.61,खिम लाल भट्टराई,नेपाल कम्युनिष्ट पार्टी (एकीकृत मार्क्सवादी लेनिनवादी),MBA,MBA,रूपन्देही,रूपन्देही सिद्धार्थनगर नगरपालिका वेलहिया,
341902,मोहन लाल आचार्य,पुरुष,53,2029-06-08,राष्ट्रिय स्वतन्त्र पार्टी,घण्टी,False,लुम्बिनी प्रदेश,कपिलबस्तु,1,34148,40.1,18288,21.47,आशिष शर्मा,स्वतन्त्र,स्नोकोत्तर,स्नोकोत्तर,कपिलबस्तु,ललितपुर ललितपुर महानगरपालिका ,टि.यु.
341561,विक्रम थापा,पुरुष,63,2018-12-06,राष्ट्रिय स्वतन्त्र पार्टी,घण्टी,False,लुम्बिनी प्रदेश,कपिलबस्तु,2,27635,34.51,6108,7.63,सुरेन्द्र राज आचार्य,नेपाली काँग्रेस,वि.एस.सी.,वि.एस.सी.,गुल्मी,कपिलबस्तु महाराजगंज नगरपालिका ,भारत
341266,अभिषेक प्रताप शाह,पुरुष,43,2039-06-19,नेपाली काँग्रेस,रुख,False,लुम्बिनी प्रदेश,कपिलबस्तु,3,23535,34.02,4645,6.71,प्रकाश रजौरिया,राष्ट्रिय स्वतन्त्र पार्टी,,Unknown,कपिलबस्तु,कपिलबस्तु कृष्णनगर नगरपालिका कृष्णनगर,
340050,पुष्प कमल दाहाल प्रचण्ड,पुरुष,70,2012-08-26,नेपाली कम्युनिष्ट पार्टी,पाँचकुने तारा,False,लुम्बिनी प्रदेश,रुकुम (पूर्वी भाग),1,10240,56.12,6778,37.15,लिलामणी गौतम,नेपाल कम्युनिष्ट पार्टी (एकीकृत मार्क्सवादी लेनिनवादी),वि.एस्सी. (एजी),वि.एस्सी. (एजी),चितवन,चितवन भरतपुर महानगरपालिका भरतपुर,त्रि.वि.
339842,बर्षमान पुन,पुरुष,54,2028-02-18,नेपाली कम्युनिष्ट पार्टी,पाँचकुने तारा,False,लुम्बिनी प्रदेश,रोल्पा,1,27460,41.84,15452,23.54,सुदन कुमार वली,नेपाली काँग्रेस,स्नातक,Bachelor,रोल्पा,रोल्पा रोल्पा नगरपालिका माडिचौर,
340722,सुशान्त वैदिक,पुरुष,31,2051-02-18,राष्ट्रिय स्वतन्त्र पार्टी,घण्टी,False,लुम्बिनी प्रदेश,प्यूठान,1,27469,33.85,9131,11.25,डा .गोविन्द राज पोखरेल,नेपाली काँग्रेस,स्नातकोत्तर,Masters,प्यूठान,प्यूठान प्यूठान नगरपालिका डुम्रीगाउँ,
342029,देवराज पाठक,पुरुष,60,2022-11-13,राष्ट्रिय स्वतन्त्र पार्टी,घण्टी,False,लुम्बिनी प्रदेश,दाङ,1,42602,55.77,27322,35.77,योगेन्द्र चौधरी,नेपाली काँग्रेस,एम.ए.,एम.ए.,दाङ,दाङ गढवा गाउँपालिका प्रगतीनगर,
340655,विपिन कुमार आचार्य,पुरुष,39,2043-10-29,राष्ट्रिय स्वतन्त्र पार्टी,घण्टी,False,लुम्बिनी प्रदेश,दाङ,2,43559,54.83,28272,35.59,शंकर पोख्रेल,नेपाल कम्युनिष्ट पार्टी (एकीकृत मार्क्सवादी लेनिनवादी),Masters,Masters,दाङ,दाङ तुल्सीपुर उपमहानगरपालिका ,
339501,कमल सुबेदी,पुरुष,38,2043-12-28,राष्ट्रिय स्वतन्त्र पार्टी,घण्टी,False,लुम्बिनी प्रदेश,दाङ,3,44248,52.15,27795,32.76,दिपक गिरी,नेपाली काँग्रेस,एम.ए. (राजनितिशास्त्र),एम.ए. (राजनितिशास्त्र),बर्दिया,दाङ दंगीशरण गाउँपालिका ,त्रिभुवन विश्वविद्यालय
341907,सुरेश कुमार चौधरी,पुरुष,56,2026-06-16,राष्ट्रिय स्वतन्त्र पार्टी,घण्टी,False,लुम्बिनी प्रदेश,बाँके,1,32792,46.25,17491,24.67,नारायण प्रसाद गौडेल,नेपाली काँग्रेस,,Unknown,बाँके,बाँके कोहलपुर नगरपालिका आनन्द नगर,
340037,मोहम्मद इश्तियाक राई,पुरुष,46,2036-07-16,नेपाल कम्युनिष्ट पार्टी (एकीकृत मार्क्सवादी लेनिनवादी),सुर्य,False,लुम्बिनी प्रदेश,बाँके,2,24628,36.92,5946,8.91,विवेक कुमार श्रेष्ठ,राष्ट्रिय स्वतन्त्र पार्टी,एम ए,एम ए,बाँके,बाँके नेपालगञ्ज उपमहानगरपालिका ,लार्ड बुद्ध डिग्री कलेज भारत
339589,खगेन्द्र सुनार,पुरुष,35,2047-02-02,राष्ट्रिय स्वतन्त्र पार्टी,घण्टी,False,लुम्बिनी प्रदेश,बाँके,3,29551,42.06,9936,14.14,सुमन मल्ल,नेपाल कम्युनिष्ट पार्टी (एकीकृत मार्क्सवादी लेनिनवादी),PCL(+2),PCL(+2),दैलेख,दैलेख नारायण नगरपालिका ,
340825,ठाकुर सिंह थारु,पुरुष,51,2031-05-14,राष्ट्रिय स्वतन्त्र पार्टी,घण्टी,False,लुम्बिनी प्रदेश,बर्दिया,1,49631,51.37,34988,36.22,सालीक राम अधिकारी,नेपाल कम्युनिष्ट पार्टी (एकीकृत मार्क्सवादी लेनिनवादी),,Unknown,बर्दिया,बर्दिया बढैयाताल गाउँपालिका बढैया,
342516,श्रीधर पोख्रेल,पुरुष,53,2029-01-05,राष्ट्रिय स्वतन्त्र पार्टी,घण्टी,False,लुम्बिनी प्रदेश,बर्दिया,2,29678,33.68,9276,10.53,किशोर सिह राठोर,नेपाली काँग्रेस,,Unknown,बर्दिया,बर्दिया ठाकुरबाबा नगरपालिका ,
340029,विक्रम खनाल,पुरुष,55,2027-02-24,राष्ट्रिय स्वतन्त्र पार्टी,घण्टी,False,लुम्बिनी प्रदेश,नवलपरासी (बर्दघाट सुस्ता पश्चिम),1,45241,58.69,35739,46.36,विनोद कुमार चौधरी,नेपाली काँग्रेस,स्नातक,Bachelor,नवलपरासी (बर्दघाट सुस्ता पश्चिम),नवलपरासी (बर्दघाट सुस्ता पश्चिम) बर्दघाट नगरपालिका भुताहा,त्रिभुवन विश्वविद्यालय
340191,नरेन्द्र कुमार गुप्‍ता,पुरुष,51,2031-06-18,राष्ट्रिय स्वतन्त्र पार्टी,घण्टी,False,लुम्बिनी प्रदेश,नवलपरासी (बर्दघाट सुस्ता पश्चिम),2,44138,52.89,28193,33.78,भीम बहादुर थापा क्षेत्री,नेपाली काँग्रेस,स्नातक,Bachelor,नवलपरासी (बर्दघाट सुस्ता पश्चिम),नवलपरासी (बर्दघाट सुस्ता पश्चिम) रामग्राम नगरपालिका दुर्गाटोल,त्रिभुवन विश्वविद्यालय
340418,रमेश कुमार मल्ल,पुरुष,47,2035-10-28,नेपाली कम्युनिष्ट पार्टी,पाँचकुने तारा,False,कर्णाली प्रदेश,सल्यान,1,23189,29.09,2285,2.87,ललित कुमार चन्द,राष्ट्रिय स्वतन्त्र पार्टी,स्‍नातकोत्तर,स्‍नातकोत्तर,सल्यान,सल्यान कुमाख गाउँपालिका खरखरेना,
339703,धन बहादुर बुढा,पुरुष,51,2031-11-07,नेपाली कम्युनिष्ट पार्टी,पाँचकुने तारा,False,कर्णाली प्रदेश,डोल्पा,1,6802,43.87,1406,9.07,लंक बहादुर रोकाया,नेपाल कम्युनिष्ट पार्टी (एकीकृत मार्क्सवादी लेनिनवादी),SLC,SLC,डोल्पा,डोल्पा काईके गाउँपालिका शहरतारा,SLC
341556,खड्ग शाही,पुरुष,58,2024-05-06,नेपाली काँग्रेस,रुख,False,कर्णाली प्रदेश,मुगु,1,7914,37.29,1196,5.63,पूर्ण बहादुर रोकाया,नेपाल कम्युनिष्ट पार्टी (एकीकृत मार्क्सवादी लेनिनवादी),+2 pass,+2 pass,मुगु,मुगु खत्याड गाउँपालिका ,bishnu mavi kathmandu
341535,ज्ञान बहादुर शाही,पुरुष,34,2048-10-24,राष्ट्रिय प्रजातन्त्र पार्टी,हलो,False,कर्णाली प्रदेश,जुम्ला,1,14816,37.82,3181,8.12,नरेश भण्‍डारी,नेपाली कम्युनिष्ट पार्टी,,Unknown,जुम्ला,जुम्ला सिंजा गाउँपालिका ,
340992,महेन्द्र बहादुर शाही,पुरुष,49,2033-10-15,नेपाली कम्युनिष्ट पार्टी,पाँचकुने तारा,False,कर्णाली प्रदेश,कालिकोट,1,11734,29.8,1087,2.76,श्री नगीन्द्र शाही,नेपाल कम्युनिष्ट पार्टी (एकीकृत मार्क्सवादी लेनिनवादी),एस.एल.सी,SLC,कालिकोट,कालिकोट पचालझरना गाउँपालिका कोटिला,"श्री वडीमालिका मा.वि. रास्कोट, कालीकोट"
340564,जय पती रोकाया,पुरुष,47,2035-07-04,नेपाली काँग्रेस,रुख,False,कर्णाली प्रदेश,हुम्ला,1,8797,40.1,1554,7.08,दीपेन्द्र रोकाया,नेपाली कम्युनिष्ट पार्टी,SLC,SLC,हुम्ला,हुम्ला सिमकोट गाउँपालिका तल्लो गाउँ,श्री मानसरोवर उ.मा.वि
342453,खडक वहादुर वुढा,पुरुष,40,2042-08-20,नेपाली काँग्रेस,रुख,False,कर्णाली प्रदेश,जाजरकोट,1,20142,34.93,2735,4.74,शक्ति बहादुर वस्नेत,नेपाली कम्युनिष्ट पार्टी,MA,Masters,जाजरकोट,जाजरकोट शिवालय गाउँपालिका नाहाडा,tu
341040,बासना थापा,महिला,45,2037-02-15,नेपाली काँग्रेस,रुख,False,कर्णाली प्रदेश,दैलेख,1,12372,32.69,576,1.52,रविन्द्र राज शर्मा,नेपाल कम्युनिष्ट पार्टी (एकीकृत मार्क्सवादी लेनिनवादी),m. a pass ,m. a pass,काठमाडौं,दैलेख नारायण नगरपालिका जारकोट,
340637,लक्ष्मी प्रसाद पोखरेल,पुरुष,63,2019-03-13,नेपाल कम्युनिष्ट पार्टी (एकीकृत मार्क्सवादी लेनिनवादी),सुर्य,False,कर्णाली प्रदेश,दैलेख,2,13889,38.04,4337,11.88,दिक्पाल कुमार शाहि,नेपाली काँग्रेस,आइए,आइए,दैलेख,दैलेख दुल्लु नगरपालिका पोखर,त्रिभुवन विश्व विद्यालय
341140,विष्णु बहादुर खड्का,पुरुष,58,2024-07-06,नेपाली काँग्रेस,रुख,False,कर्णाली प्रदेश,सुर्खेत,1,26897,40.61,8007,12.09,ध्रुवकुमार शाही,नेपाल कम्युनिष्ट पार्टी (एकीकृत मार्क्सवादी लेनिनवादी),S.L.C ,SLC,सुर्खेत,सुर्खेत बीरेन्द्रनगर नगरपालिका इत्राम,अम्मर ज्योती मा.वि.
340194,रमेश कुमार सापकोटा,पुरुष,46,2036-08-15,राष्ट्रिय स्वतन्त्र पार्टी,घण्टी,False,कर्णाली प्रदेश,सुर्खेत,2,30826,44.83,14434,20.99,नारायण कुमार कोइराला,नेपाली काँग्रेस,SLC,SLC,सुर्खेत,सुर्खेत बीरेन्द्रनगर नगरपालिका इत्राम,mahendra mavi dang
340125,गोपाल शर्मा,पुरुष,48,2034-09-12,नेपाली कम्युनिष्ट पार्टी,पाँचकुने तारा,False,कर्णाली प्रदेश,रुकुम (पश्चिम भाग),1,21609,36.3,4948,8.31,राजु के.सी.,नेपाली काँग्रेस,स्नातक,Bachelor,,रुकुम (पश्चिम भाग) चौरजहारी नगरपालिका लहरेसिमल,शितल क्याम्पस चौरजहारी
341303,जनक राज गिरी,पुरुष,60,2022-09-15,नेपाली काँग्रेस,रुख,False,सुदूरपश्चिम प्रदेश,बाजुरा,1,17173,39.12,540,1.23,लाल बहादुर थापा,नेपाल कम्युनिष्ट पार्टी (एकीकृत मार्क्सवादी लेनिनवादी),स्नातक,Bachelor,बाजुरा,बाजुरा स्वामीकार्तिक खापर गाउँपालिका वाई,त्रिभुवन विश्वविद्यालय
341661,भरत कुमार स्वार,पुरुष,70,2012-03-24,नेपाली काँग्रेस,रुख,False,सुदूरपश्चिम प्रदेश,अछाम,1,10759,35.45,526,1.73,भीम बहादुर रावल,नेपाली कम्युनिष्ट पार्टी,IA,IA,अछाम,अछाम साँफेवगर नगरपालिका रिडीकोट,त्रिभुवन विश्वविद्यालय
340611,यज्ञ बहादुर बोगटी,पुरुष,50,2032-10-04,नेपाल कम्युनिष्ट पार्टी (एकीकृत मार्क्सवादी लेनिनवादी),सुर्य,False,सुदूरपश्चिम प्रदेश,अछाम,2,9518,31.14,472,1.54,पुष्प बहादुर शाह,नेपाली काँग्रेस,Bachelor ,Bachelor,अछाम,अछाम मंगलसेन नगरपालिका लाक्षिमना,Achham Multiple Campus 
340443,ऐन बहादुर महर,पुरुष,41,2040-12-02,नेपाल कम्युनिष्ट पार्टी (एकीकृत मार्क्सवादी लेनिनवादी),सुर्य,False,सुदूरपश्चिम प्रदेश,बझाङ,1,18543,33.82,2239,4.08,प्रकाश रसाइली स्नेही,नेपाली काँग्रेस,स्नातकोत्तर,Masters,बझाङ,बझाङ जयपृथ्वी नगरपालिका छयाला,त्रिभुवन विश्वविद्यालय
341208,भरत बहादुर खड्का,पुरुष,68,2014-07-04,नेपाली काँग्रेस,रुख,False,सुदूरपश्चिम प्रदेश,डोटी,1,14897,30.3,787,1.6,दीपक बहादुर धामी,नेपाल कम्युनिष्ट पार्टी (एकीकृत मार्क्सवादी लेनिनवादी),स्नातक तह,स्नातक तह,डोटी,डोटी पूर्वीचौकी गाउँपालिका गैराघर टोल,डोटी बहुमुखी क्यम्पस
342184,कोमल ज्ञवाली,महिला,47,2035-08-04,राष्ट्रिय स्वतन्त्र पार्टी,घण्टी,False,सुदूरपश्चिम प्रदेश,कैलाली,1,17826,32.88,4959,9.15,जनकराज चौधरी,नेपाली काँग्रेस,स्नातक ,Bachelor,कैलाली,कैलाली टिकापुर नगरपालिका कस्तुरी,नेपाल कमर्स क्याम्पस 
339795,के पी खनाल,पुरुष,26,2056-09-27,राष्ट्रिय स्वतन्त्र पार्टी,घण्टी,False,सुदूरपश्चिम प्रदेश,कैलाली,2,19057,36.2,7108,13.5,पति राम चौधरी,"नागरिक उन्मुक्ति पार्टी, नेपाल(एकल चुनाव चिन्ह)",स्नातक,Bachelor,कैलाली,कैलाली लम्कीचुहा नगरपालिका ,त्रिभुवन विश्वविद्यालय
342441,जगत प्रसाद जोशी,पुरुष,39,2043-06-28,राष्ट्रिय स्वतन्त्र पार्टी,घण्टी,False,सुदूरपश्चिम प्रदेश,कैलाली,3,20359,36.07,8376,14.84,विरमान चौधरी,नेपाली कम्युनिष्ट पार्टी,MA,Masters,बझाङ,कैलाली घोडाघोडी नगरपालिका घुम्‍निभाकल,घोडाघोडी बहुमुखी क्याम्पस
342757,खेम राज कोईराला,पुरुष,48,2033-12-13,राष्ट्रिय स्वतन्त्र पार्टी,घण्टी,False,सुदूरपश्चिम प्रदेश,कैलाली,4,28556,49.0,17255,29.61,गोरख बहादुर विष्ट,नेपाली काँग्रेस,स्नातकोत्तर,Masters,कैलाली,कैलाली गौरीगंगा नगरपालिका मंगलपुर,
339984,आनन्‍द बहादुर चन्‍द,पुरुष,50,2032-02-14,राष्ट्रिय स्वतन्त्र पार्टी,घण्टी,False,सुदूरपश्चिम प्रदेश,कैलाली,5,31953,51.42,19995,32.17,नर नारायण शाह,नेपाली काँग्रेस,विद्यावारीधी,विद्यावारीधी,बैतडी,बैतडी मेलौली नगरपालिका खलिगाड,त्रिभुवन बिश्व विद्यालय
340502,गणेश सिंह ठगुन्ना,पुरुष,57,2025-08-22,नेपाल कम्युनिष्ट पार्टी (एकीकृत मार्क्सवादी लेनिनवादी),सुर्य,False,सुदूरपश्चिम प्रदेश,दार्चुला,1,18891,39.45,3055,6.38,धर्मानन्द जोशी,नेपाली काँग्रेस,,Unknown,दार्चुला,दार्चुला महाकाली नगरपालिका किम्तडी,
340516,हरि मोहन भण्डारी,पुरुष,59,2023-10-15,राष्ट्रिय स्वतन्त्र पार्टी,घण्टी,False,सुदूरपश्चिम प्रदेश,बैतडी,1,22134,32.68,3940,5.82,चतुर बहादुर चन्द,नेपाली काँग्रेस,,Unknown,बैतडी,बैतडी पाटन नगरपालिका भण्डारिगाउ,
340545,तारा प्रसाद जोशी,पुरुष,54,2027-12-30,राष्ट्रिय स्वतन्त्र पार्टी,घण्टी,False,सुदूरपश्चिम प्रदेश,डडेलधुरा,1,19131,44.42,7010,16.28,नैन सिंह महर,नेपाली काँग्रेस,विद्यावारिधि (PHD),विद्यावारिधि (PHD),डडेलधुरा,डडेलधुरा गन्यापधुरा गाउँपालिका बामनगाउँ,जवाहरलाल नेहरु विश्वविद्यालय (JNU)
339943,जनक सिंह धामी,पुरुष,55,2027-09-25,राष्ट्रिय स्वतन्त्र पार्टी,घण्टी,False,सुदूरपश्चिम प्रदेश,कञ्चनपुर,1,24332,42.65,13222,23.18,बीना मगर,नेपाली कम्युनिष्ट पार्टी,,Unknown,दार्चुला,कञ्चनपुर बेलडाँडी गाउँपालिका ,
340896,दिपक राज बोहरा,पुरुष,38,2044-01-06,राष्ट्रिय स्वतन्त्र पार्टी,घण्टी,False,सुदूरपश्चिम प्रदेश,कञ्चनपुर,2,33952,55.55,23125,37.84,नारायण प्रकाश साउद,नेपाली काँग्रेस,एस एल सी,एस एल सी,डडेलधुरा,डडेलधुरा अमरगढी नगरपालिका चु्म्साल,घटाल मा.वि 
340127,ज्ञानेन्द्र सिंह महता,पुरुष,40,2042-10-18,राष्ट्रिय स्वतन्त्र पार्टी,घण्टी,False,सुदूरपश्चिम प्रदेश,कञ्चनपुर,3,27118,50.64,17675,33.01,हरि प्रसाद बोहरा,नेपाली काँग्रेस,,Unknown,बैतडी,कञ्चनपुर भीमदत्त नगरपालिका ,
